Workbook

Sheet Dashboard
B2: Full Stack + GenAI — Roadmap Progress Tracker
B3: Track your journey from zero to Full Stack + GenAI engineer
B5: Overall Progress | C5: =IFERROR(COUNTIF('Task Tracker'!H:H,"Done")/COUNTA('Task Tracker'!H:H),0) | D5: =TODAY()
B7: Phase | C7: Weeks | D7: Objective | E7: Project | F7: Total | G7: Done | H7: In Prog | I7: Blocked | J7: % Done | K7: Progress Bar | L7: Current Status
B8: Phase 1 — Foundation | C8: 1–3 | D8: Learn JS basics + build first REST API | E8: — | F8: =COUNTIF('Task Tracker'!B:B,"Phase 1 — Foundation") | G8: =COUNTIFS('Task Tracker'!B:B,"Phase 1 — Foundation",'Task Tracker'!H:H,"Done") | H8: =COUNTIFS('Task Tracker'!B:B,"Phase 1 — Foundation",'Task Tracker'!H:H,"In Progress") | I8: =COUNTIFS('Task Tracker'!B:B,"Phase 1 — Foundation",'Task Tracker'!H:H,"Blocked") | J8: =IFERROR(G8/F8,0) | K8: =IFERROR(REPT("█",ROUND(J8*20,0))&REPT("░",20-ROUND(J8*20,0))&" "&TEXT(J8,"0%"),"—") | L8: =IF(J8=1,"✅ Complete",IF(J8=0,"⬜ Not Started",IF(K8>0,"🔴 Blocked","🔵 In Progress")))
B9: Phase 2 — Backend | C9: 4–6 | D9: Build real backend with DB + Auth | E9: TODO App (Backend) | F9: =COUNTIF('Task Tracker'!B:B,"Phase 2 — Backend") | G9: =COUNTIFS('Task Tracker'!B:B,"Phase 2 — Backend",'Task Tracker'!H:H,"Done") | H9: =COUNTIFS('Task Tracker'!B:B,"Phase 2 — Backend",'Task Tracker'!H:H,"In Progress") | I9: =COUNTIFS('Task Tracker'!B:B,"Phase 2 — Backend",'Task Tracker'!H:H,"Blocked") | J9: =IFERROR(G9/F9,0) | K9: =IFERROR(REPT("█",ROUND(J9*20,0))&REPT("░",20-ROUND(J9*20,0))&" "&TEXT(J9,"0%"),"—") | L9: =IF(J9=1,"✅ Complete",IF(J9=0,"⬜ Not Started",IF(K9>0,"🔴 Blocked","🔵 In Progress")))
B10: Phase 3 — Full Stack | C10: 7–9 | D10: Build complete UI + backend application | E10: TODO App (Full Stack) | F10: =COUNTIF('Task Tracker'!B:B,"Phase 3 — Full Stack") | G10: =COUNTIFS('Task Tracker'!B:B,"Phase 3 — Full Stack",'Task Tracker'!H:H,"Done") | H10: =COUNTIFS('Task Tracker'!B:B,"Phase 3 — Full Stack",'Task Tracker'!H:H,"In Progress") | I10: =COUNTIFS('Task Tracker'!B:B,"Phase 3 — Full Stack",'Task Tracker'!H:H,"Blocked") | J10: =IFERROR(G10/F10,0) | K10: =IFERROR(REPT("█",ROUND(J10*20,0))&REPT("░",20-ROUND(J10*20,0))&" "&TEXT(J10,"0%"),"—") | L10: =IF(J10=1,"✅ Complete",IF(J10=0,"⬜ Not Started",IF(K10>0,"🔴 Blocked","🔵 In Progress")))
B11: Phase 4 — GenAI | C11: 10–12 | D11: Add LLM, embeddings, RAG pipeline | E11: TODO App + AI | F11: =COUNTIF('Task Tracker'!B:B,"Phase 4 — GenAI") | G11: =COUNTIFS('Task Tracker'!B:B,"Phase 4 — GenAI",'Task Tracker'!H:H,"Done") | H11: =COUNTIFS('Task Tracker'!B:B,"Phase 4 — GenAI",'Task Tracker'!H:H,"In Progress") | I11: =COUNTIFS('Task Tracker'!B:B,"Phase 4 — GenAI",'Task Tracker'!H:H,"Blocked") | J11: =IFERROR(G11/F11,0) | K11: =IFERROR(REPT("█",ROUND(J11*20,0))&REPT("░",20-ROUND(J11*20,0))&" "&TEXT(J11,"0%"),"—") | L11: =IF(J11=1,"✅ Complete",IF(J11=0,"⬜ Not Started",IF(K11>0,"🔴 Blocked","🔵 In Progress")))
B12: Phase 5 — Interview Project | C12: 13–16 | D12: Build Document QnA Chatbot from scratch | E12: Document QnA Chatbot | F12: =COUNTIF('Task Tracker'!B:B,"Phase 5 — Interview Project") | G12: =COUNTIFS('Task Tracker'!B:B,"Phase 5 — Interview Project",'Task Tracker'!H:H,"Done") | H12: =COUNTIFS('Task Tracker'!B:B,"Phase 5 — Interview Project",'Task Tracker'!H:H,"In Progress") | I12: =COUNTIFS('Task Tracker'!B:B,"Phase 5 — Interview Project",'Task Tracker'!H:H,"Blocked") | J12: =IFERROR(G12/F12,0) | K12: =IFERROR(REPT("█",ROUND(J12*20,0))&REPT("░",20-ROUND(J12*20,0))&" "&TEXT(J12,"0%"),"—") | L12: =IF(J12=1,"✅ Complete",IF(J12=0,"⬜ Not Started",IF(K12>0,"🔴 Blocked","🔵 In Progress")))
B13: Phase 6 — Deployment + Jobs | C13: — | D13: Deploy publicly + Resume + Apply | E13: Live on Vercel + Render | F13: =COUNTIF('Task Tracker'!B:B,"Phase 6 — Deployment + Jobs") | G13: =COUNTIFS('Task Tracker'!B:B,"Phase 6 — Deployment + Jobs",'Task Tracker'!H:H,"Done") | H13: =COUNTIFS('Task Tracker'!B:B,"Phase 6 — Deployment + Jobs",'Task Tracker'!H:H,"In Progress") | I13: =COUNTIFS('Task Tracker'!B:B,"Phase 6 — Deployment + Jobs",'Task Tracker'!H:H,"Blocked") | J13: =IFERROR(G13/F13,0) | K13: =IFERROR(REPT("█",ROUND(J13*20,0))&REPT("░",20-ROUND(J13*20,0))&" "&TEXT(J13,"0%"),"—") | L13: =IF(J13=1,"✅ Complete",IF(J13=0,"⬜ Not Started",IF(K13>0,"🔴 Blocked","🔵 In Progress")))
B14: TOTAL | F14: =SUM(F8:F13) | G14: =SUM(G8:G13) | H14: =SUM(H8:H13) | I14: =SUM(I8:I13) | J14: =IFERROR(G14/F14,0) | K14: =REPT("█",ROUND(J14*20,0))&REPT("░",20-ROUND(J14*20,0))&" "&TEXT(J14,"0%")
B16: STATUS LEGEND
B17: Not Started | C17: In Progress | D17: Done | E17: Blocked | F17: Skipped

Sheet Task Tracker
A1: Task Tracker — Full Stack + GenAI Roadmap
A3: # | B3: Phase | C3: Wks | D3: Category | E3: Task | F3: Description | G3: Priority | H3: Status | I3: Start Date | J3: Target Date | K3: Done Date | L3: Hrs | M3: Notes / Learnings
A4: 1 | B4: Phase 1 — Foundation | C4: 1–3 | D4: Setup | E4: Install Node.js & VS Code | F4: Install Node.js LTS, VS Code, ESLint + Prettier extensions, configure workspace | G4: Medium | H4: Not Started
A5: 2 | B5: Phase 1 — Foundation | C5: 1–3 | D5: JS Basics | E5: Variables & Data Types | F5: var/let/const, string/number/boolean/null/undefined, typeof, type coercion | G5: Medium | H5: Not Started
A6: 3 | B6: Phase 1 — Foundation | C6: 1–3 | D6: JS Basics | E6: Control Flow | F6: if/else, switch, ternary, for/while/do-while, break/continue | G6: Medium | H6: Not Started
A7: 4 | B7: Phase 1 — Foundation | C7: 1–3 | D7: JS Basics | E7: Arrays & Methods | F7: map, filter, reduce, find, forEach, some, every, flat, spread operator | G7: Medium | H7: Not Started
A8: 5 | B8: Phase 1 — Foundation | C8: 1–3 | D8: JS Basics | E8: Objects & Prototypes | F8: Literals, destructuring, optional chaining (?.), nullish coalescing (??), spread | G8: Medium | H8: Not Started
A9: 6 | B9: Phase 1 — Foundation | C9: 1–3 | D9: JS Basics | E9: Functions & Closures | F9: Arrow functions, default params, rest params, IIFE, closures, HOFs | G9: Medium | H9: Not Started
A10: 7 | B10: Phase 1 — Foundation | C10: 1–3 | D10: Async JS | E10: Callbacks & Promises | F10: Callback hell, Promise chain (.then/.catch), Promise.all, Promise.race | G10: Medium | H10: Not Started
A11: 8 | B11: Phase 1 — Foundation | C11: 1–3 | D11: Async JS | E11: async / await | F11: async functions, await keyword, try/catch error handling, parallel await | G11: Medium | H11: Not Started
A12: 9 | B12: Phase 1 — Foundation | C12: 1–3 | D12: ES6+ | E12: Modules & Modern Syntax | F12: import/export, template literals, destructuring assignment, optional chaining | G12: Medium | H12: Not Started
A13: 10 | B13: Phase 1 — Foundation | C13: 1–3 | D13: Express.js | E13: Project Setup | F13: npm init, install express cors body-parser, nodemon, folder structure (routes/controllers) | G13: Medium | H13: Not Started
A14: 11 | B14: Phase 1 — Foundation | C14: 1–3 | D14: Express.js | E14: GET Endpoints | F14: app.get(), route params (:id), query strings (?key=val), send JSON responses | G14: Medium | H14: Not Started
A15: 12 | B15: Phase 1 — Foundation | C15: 1–3 | D15: Express.js | E15: POST Endpoints | F15: app.post(), express.json() middleware, body parsing, create resource flow | G15: Medium | H15: Not Started
... A104: 20 | B104: Phase 6 — Deployment + Jobs | C104: — | D104: Interview Prep | E104: HR Questions | F104: Tell me about yourself, strengths, why this role, salary expectations, notice period | G104: Medium | H104: Not Started

Sheet Weekly Log
A1: Weekly Log — Track What You Do Each Week
A3: Wk | B3: Dates | C3: Phase | D3: Weekly Goal | E3: What I Completed | F3: What I'm Stuck On | G3: Key Learning | H3: Mon | I3: Tue | J3: Wed | K3: Thu | L3: Fri | M3: Sat | N3: Total Hrs | O3: Status | P3: Notes
A4: W1 | B4: 14 Jul – 20 Jul | C4: Phase 1 — Foundation | N4: =SUM(H4:M4) | O4: Not Started
A5: W2 | B5: 21 Jul – 27 Jul | C5: Phase 1 — Foundation | N5: =SUM(H5:M5) | O5: Not Started
A6: W3 | B6: 28 Jul – 3 Aug | C6: Phase 1 — Foundation | N6: =SUM(H6:M6) | O6: Not Started
A7: W4 | B7: 4 Aug – 10 Aug | C7: Phase 2 — Backend | N7: =SUM(H7:M7) | O7: Not Started
A8: W5 | B8: 11 Aug – 17 Aug | C8: Phase 2 — Backend | N8: =SUM(H8:M8) | O8: Not Started
A9: W6 | B9: 18 Aug – 24 Aug | C9: Phase 2 — Backend | N9: =SUM(H9:M9) | O9: Not Started
A10: W7 | B10: 25 Aug – 31 Aug | C10: Phase 3 — Full Stack | N10: =SUM(H10:M10) | O10: Not Started
A11: W8 | B11: 1 Sep – 7 Sep | C11: Phase 3 — Full Stack | N11: =SUM(H11:M11) | O11: Not Started
A12: W9 | B12: 8 Sep – 14 Sep | C12: Phase 3 — Full Stack | N12: =SUM(H12:M12) | O12: Not Started
A13: W10 | B13: 15 Sep – 21 Sep | C13: Phase 4 — GenAI | N13: =SUM(H13:M13) | O13: Not Started
A14: W11 | B14: 22 Sep – 28 Sep | C14: Phase 4 — GenAI | N14: =SUM(H14:M14) | O14: Not Started
A15: W12 | B15: 29 Sep – 5 Oct | C15: Phase 4 — GenAI | N15: =SUM(H15:M15) | O15: Not Started
... A19: W16 | B19: 27 Oct – 2 Nov | C19: Phase 5 — Interview Project | N19: =SUM(H19:M19) | O19: Not Started
A22: TOTAL HOURS LOGGED | N22: =SUM(N4:N19)

Sheet Projects
A1: Project Tracker — TODO App & Document QnA Chatbot
B3: PROJECT 1 — TODO App (Full Stack + AI) | F3: PROJECT 2 — Document QnA Chatbot
B4: Feature / Milestone | C4: Status | D4: Notes | F4: Feature / Milestone | G4: Status | H4: Notes
B5: Backend: Node.js + Express API | F5: Express.js backend project setup
B6: PostgreSQL DB with Prisma ORM | F6: File upload (Multer — PDF/TXT)
B7: JWT Authentication (register + login) | F7: PDF/TXT parsing
B8: Full CRUD: Tasks (protected routes) | F8: Text chunking (LangChain splitter)
B9: Frontend: React + Vite | F9: Embeddings (nomic-embed-text)
B10: Tailwind CSS styling | F10: FAISS vector store per document
B11: Axios API integration | F11: RAG retrieval chain (LangChain JS)
B12: Login / Register UI | F12: Ollama LLM response generation
B13: Protected routes (React Router v6) | F13: Streaming API response (SSE)
B14: Task list + CRUD UI | F14: React chat UI (bubble thread)
B15: AI: Ollama LLM integration | F15: File upload panel (drag & drop)
B16: FAISS vector store | F16: Streaming typewriter effect in UI
... B19: AI smart suggestions feature | F19: Full local end-to-end test

Sheet Interview Prep
A1: Interview Prep — Topics, Practice Questions & Confidence Tracker
A3: # | B3: Category | C3: Topic | D3: Confidence (1-5) | E3: Practice Question 1 | F3: Practice Question 2 | G3: Mock Score (1-10) | H3: Notes / Answers
A4: 1 | B4: System Design | C4: Full Stack Architecture | E4: Walk me through the architecture of your TODO app — frontend to DB. | F4: Why did you choose PostgreSQL over MongoDB for this project?
A5: 2 | B5: System Design | C5: Database Design | E5: Explain the schema — tables, relations, constraints you used. | F5: What indexes did you add and why?
A6: 3 | B6: Backend | C6: Express.js Middleware | E6: What is middleware? How does the middleware chain work? | F6: How did you handle authentication in your Express app?
A7: 4 | B7: Backend | C7: JWT Authentication | E7: Explain the full JWT auth flow — register, login, protected route. | F7: What are the trade-offs between JWT and session-based auth?
A8: 5 | B8: Backend | C8: Prisma ORM | E8: What is an ORM? Why did you use Prisma over raw SQL? | F8: How does Prisma migration work?
A9: 6 | B9: Frontend | C9: React Hooks | E9: Explain useState and useEffect with a real example from your project. | F9: What is a custom hook and why did you create one?
A10: 7 | B10: Frontend | C10: State Management | E10: How do you manage auth state across your React app? | F10: When would you use Context API vs Redux?
A11: 8 | B11: Frontend | C11: API Integration | E11: How does your React app communicate with the backend? | F11: How did you handle token expiry on the frontend?
A12: 9 | B12: GenAI | C12: What is RAG? | E12: Explain Retrieval-Augmented Generation in simple terms. | F12: Why is RAG better than just prompting the LLM directly?
A13: 10 | B13: GenAI | C13: Embeddings | E13: What are text embeddings? How do you generate them in your project? | F13: What is cosine similarity and how is it used in your system?
A14: 11 | B14: GenAI | C14: FAISS | E14: What is FAISS? Why did you choose it over other vector stores? | F14: How does similaritySearch work in your Document QnA app?
A15: 12 | B15: GenAI | C15: LangChain JS | E15: What role does LangChain play in your system? | F15: Explain the retrieval chain you built step by step.
... A23: 20 | B23: DSA | C23: Hash Maps | E23: Find the first non-repeating character in a string. | F23: Group anagrams from an array of strings.
